{"mu_alpha": 0.5, "sigma_alpha_log": 1.8083410263061523, "mu_beta": -3.6428494453430176, "sigma_beta_log": -12.45799732208252, "alpha_3018Q3ZVOIQGSXZ9L4SKHNWVPJAART_logodds__": -0.05688735470175743, "beta_3018Q3ZVOIQGSXZ9L4SKHNWVPJAART": [0.07928373664617538, 0.5339184403419495, -1.0749752521514893, -0.9455621838569641, 0.15687653422355652], "alpha_30BXRYBRP4X0AGO9Q4CIL8RGUTGWHU_logodds__": -0.11648187041282654, "beta_30BXRYBRP4X0AGO9Q4CIL8RGUTGWHU": [2.0421109199523926, 0.6071674227714539, 2.268558979034424, 2.2192134857177734, 0.21611842513084412], "alpha_30LB5CDZNCATTBNI3JP4EKMHPWMZ0P_logodds__": -0.1009494811296463, "beta_30LB5CDZNCATTBNI3JP4EKMHPWMZ0P": [0.8633015751838684, -0.5446341633796692, -0.5531172752380371, -0.09981580078601837, 0.12299700081348419], "alpha_30LSNF239UVEUV1MI25WXDC6P1A2IO_logodds__": 0.14885909855365753, "beta_30LSNF239UVEUV1MI25WXDC6P1A2IO": [2.901695489883423, 1.9951236248016357, 1.565818428993225, 1.8624918460845947, -0.21229764819145203], "alpha_30LSNF239UVEUV1MI25WXDC6P1C2IQ_logodds__": -0.7721534371376038, "beta_30LSNF239UVEUV1MI25WXDC6P1C2IQ": [1.2085375785827637, 1.2825909852981567, 2.7921206951141357, 2.2902679443359375, 0.2444467395544052], "sigma_alpha": 6.100318908691406, "sigma_beta": 3.886516424245201e-06, "alpha_3018Q3ZVOIQGSXZ9L4SKHNWVPJAART": 0.4857819974422455, "alpha_30BXRYBRP4X0AGO9Q4CIL8RGUTGWHU": 0.4709124267101288, "alpha_30LB5CDZNCATTBNI3JP4EKMHPWMZ0P": 0.4747840464115143, "alpha_30LSNF239UVEUV1MI25WXDC6P1A2IO": 0.5371462106704712, "alpha_30LSNF239UVEUV1MI25WXDC6P1C2IQ": 0.3160134553909302}