{"mu_alpha": 0.5, "sigma_alpha_log": 2.2107529640197754, "mu_beta": -3.176525115966797, "sigma_beta_log": -10.400782585144043, "alpha_3018Q3ZVOIQGSXZ9L4SKHNWVPJAART_logodds__": -0.004770949017256498, "beta_3018Q3ZVOIQGSXZ9L4SKHNWVPJAART": [-0.05689014866948128, 0.09545247256755829, -0.3776949942111969, -0.3374336361885071, 0.05875813961029053], "alpha_30BXRYBRP4X0AGO9Q4CIL8RGUTGWHU_logodds__": -0.05199956148862839, "beta_30BXRYBRP4X0AGO9Q4CIL8RGUTGWHU": [1.0343819856643677, 0.33851510286331177, 1.0875951051712036, 1.0251035690307617, -0.030047228559851646], "alpha_30LB5CDZNCATTBNI3JP4EKMHPWMZ0P_logodds__": -0.020603807643055916, "beta_30LB5CDZNCATTBNI3JP4EKMHPWMZ0P": [0.20522992312908173, -0.36616408824920654, -0.5251139402389526, -0.33045339584350586, -0.02972596511244774], "alpha_30LSNF239UVEUV1MI25WXDC6P1A2IO_logodds__": 0.04135021194815636, "beta_30LSNF239UVEUV1MI25WXDC6P1A2IO": [1.1758559942245483, 0.7369231581687927, 0.8607677221298218, 0.9966243505477905, -0.04688042029738426], "alpha_30LSNF239UVEUV1MI25WXDC6P1C2IQ_logodds__": -0.28144267201423645, "beta_30LSNF239UVEUV1MI25WXDC6P1C2IQ": [0.7160934209823608, 0.3964199721813202, 1.6029589176177979, 1.1086329221725464, 0.06413069367408752], "alpha_30OG32W0SUBY3COT82DP4MHC91HEN2_logodds__": -0.29489409923553467, "beta_30OG32W0SUBY3COT82DP4MHC91HEN2": [0.9604626297950745, 0.3948231637477875, 1.5041100978851318, 1.064402461051941, -0.031202109530568123], "alpha_30ZX6P7VF8VAP6LS0KQW9ER63EQ2JO_logodds__": -0.0026802625507116318, "beta_30ZX6P7VF8VAP6LS0KQW9ER63EQ2JO": [0.8843711614608765, 0.09912783652544022, -0.036369044333696365, -0.024160834029316902, 0.12949521839618683], "alpha_3137ONMDKG5STK77LY0UE28F88LGEO_logodds__": -0.2067432552576065, "beta_3137ONMDKG5STK77LY0UE28F88LGEO": [1.6546319723129272, 0.009807176887989044, 1.6277568340301514, 1.2002770900726318, -0.054421450942754745], "alpha_31JLPPHS2UUDBZ88KXW60KDK8RZO3D_logodds__": -0.3706938326358795, "beta_31JLPPHS2UUDBZ88KXW60KDK8RZO3D": [1.247649908065796, 0.3780462443828583, 1.8126964569091797, 1.2425578832626343, 0.01917908526957035], "alpha_31N2WW6R9RQJ5MVFLUDGDQ46GLZ3FN_logodds__": -0.17900319397449493, "beta_31N2WW6R9RQJ5MVFLUDGDQ46GLZ3FN": [0.695946216583252, 0.8213619589805603, 1.3470793962478638, 1.112973928451538, -0.016095006838440895], "alpha_31Q0U3WYDPFAGQ2UG71L15CSKD917W_logodds__": -0.08647510409355164, "beta_31Q0U3WYDPFAGQ2UG71L15CSKD917W": [1.7606217861175537, 0.6085379123687744, 0.964799165725708, 0.9021092057228088, 0.09599940478801727], "alpha_31QNSG6A5RTSRQMFFSA0GFZ0XF3872_logodds__": -0.17996343970298767, "beta_31QNSG6A5RTSRQMFFSA0GFZ0XF3872": [0.901429295539856, 0.29181817173957825, 1.5862947702407837, 1.160546064376831, -0.01313893310725689], "alpha_31QTRG6Q2TDWC2HXOI2BFEENRCZYPD_logodds__": -0.15528225898742676, "beta_31QTRG6Q2TDWC2HXOI2BFEENRCZYPD": [1.1141384840011597, 0.09504806250333786, 1.1501679420471191, 0.6468640565872192, 0.03734240308403969], "alpha_31T4R4OBOSGU3TCSW4Q5I1VJNDM7CJ_logodds__": -0.04184544458985329, "beta_31T4R4OBOSGU3TCSW4Q5I1VJNDM7CJ": [0.7626083493232727, 0.9110602140426636, 0.999955952167511, 1.12843918800354, -0.032661959528923035], "alpha_31UV0MXWNQC6TSK90L7UVKFIAEKI5V_logodds__": -0.07513819634914398, "beta_31UV0MXWNQC6TSK90L7UVKFIAEKI5V": [1.1938899755477905, 0.41237807273864746, 1.5739977359771729, 1.3109521865844727, 0.03781735524535179], "sigma_alpha": 9.12258243560791, "sigma_beta": 3.0408677048399113e-05, "alpha_3018Q3ZVOIQGSXZ9L4SKHNWVPJAART": 0.49880731105804443, "alpha_30BXRYBRP4X0AGO9Q4CIL8RGUTGWHU": 0.48700305819511414, "alpha_30LB5CDZNCATTBNI3JP4EKMHPWMZ0P": 0.49484923481941223, "alpha_30LSNF239UVEUV1MI25WXDC6P1A2IO": 0.5103361010551453, "alpha_30LSNF239UVEUV1MI25WXDC6P1C2IQ": 0.43010014295578003, "alpha_30OG32W0SUBY3COT82DP4MHC91HEN2": 0.42680612206459045, "alpha_30ZX6P7VF8VAP6LS0KQW9ER63EQ2JO": 0.49932992458343506, "alpha_3137ONMDKG5STK77LY0UE28F88LGEO": 0.4484975337982178, "alpha_31JLPPHS2UUDBZ88KXW60KDK8RZO3D": 0.4083733558654785, "alpha_31N2WW6R9RQJ5MVFLUDGDQ46GLZ3FN": 0.4553683400154114, "alpha_31Q0U3WYDPFAGQ2UG71L15CSKD917W": 0.47839468717575073, "alpha_31QNSG6A5RTSRQMFFSA0GFZ0XF3872": 0.4551301598548889, "alpha_31QTRG6Q2TDWC2HXOI2BFEENRCZYPD": 0.4612572491168976, "alpha_31T4R4OBOSGU3TCSW4Q5I1VJNDM7CJ": 0.4895401895046234, "alpha_31UV0MXWNQC6TSK90L7UVKFIAEKI5V": 0.48122432827949524}