{"mu_alpha": 0.5, "sigma_alpha_log": 0.8331744074821472, "mu_beta": -0.5508226156234741, "sigma_beta_log": -4.446245193481445, "alpha_3018Q3ZVOIQGSXZ9L4SKHNWVPJAART_logodds__": -0.08679080009460449, "beta_3018Q3ZVOIQGSXZ9L4SKHNWVPJAART": [0.03466455638408661, 0.44244641065597534, -0.9069631695747375, -0.7892551422119141, 0.07520165294408798], "alpha_30BXRYBRP4X0AGO9Q4CIL8RGUTGWHU_logodds__": 0.03726445138454437, "beta_30BXRYBRP4X0AGO9Q4CIL8RGUTGWHU": [1.6031981706619263, 0.2811267673969269, 1.330988883972168, 1.4608079195022583, 0.16676095128059387], "sigma_alpha": 2.300610303878784, "sigma_beta": 0.011722500436007977, "alpha_3018Q3ZVOIQGSXZ9L4SKHNWVPJAART": 0.47831591963768005, "alpha_30BXRYBRP4X0AGO9Q4CIL8RGUTGWHU": 0.509315013885498}